size,binary_search_time,fibonacci_search_time
10000,0.000245,0.000416
100000,0.000376,0.000619
1000000,0.000402,0.000648
10000000,0.000433,0.000653
100000000,0.000504,0.000818
